{"row":[{"id":"row_width","label":"Row Width","type":"layout","mode":"sprite","options":[{"img":"row_default","value":"","label":"def"},{"img":"row_fullwidth","value":"fullwidth","label":"Boxed"},{"img":"row_fullwidth_content","value":"fullwidth-content","label":"fw"}]},{"id":"row_height","label":"Row Height","type":"layout","mode":"sprite","options":[{"img":"row_default","value":"","label":"def"},{"img":"row_fullheight","value":"fullheight","label":"Full Height"}]},{"id":"custom_css_row","type":"custom_css"},{"id":"row_anchor","type":"row_anchor","label":"Row Anchor","class":"large","help":"Example: enter \u2018about\u2019 as row anchor and add \u2018#about\u2019 link in menu link. When the link is clicked, it will scroll to this row(<a href=\"https:\/\/themify.me\/docs\/builder#scrollto-row-anchor\"  target=\"_blank\">learn more<\/a>)."},{"id":"hide_anchor","type":"checkbox","label":"","options":[{"name":"1","value":"Hide anchor on URL"}]},{"type":"custom_css_id"},{"type":"tooltip"},{"type":"clickable"},{"type":"group","label":"Section Scroll","display":"accordion","options":[{"id":"row_scroll_direction","type":"select","label":"Section Scroll Direction","options":{"":"","module_row_section":"Vertical","module_row_slide":"Horizontal"},"control":false},{"id":"row_title","type":"text","label":"Section Tooltip","control":false,"class":"large"}]}],"subrow":[{"id":"custom_css_subrow","type":"custom_css"},{"type":"tooltip"},{"type":"clickable"}],"column":[{"id":"custom_css_column","type":"custom_css"},{"type":"tooltip"},{"type":"clickable"}],"text":[{"id":"mod_title_text","type":"title"},{"id":"content_text","type":"wp_editor"},{"id":"text_drop_cap","label":"Drop-Cap","type":"toggle_switch","options":{"on":{"name":"dropcap","value":"en"},"off":{"name":"","value":"dis"}}},{"type":"custom_css_id","custom_css":"add_css_text"}],"divider":[{"id":"mod_title_divider","type":"title"},{"id":"style_divider","type":"layout","mode":"sprite","label":"Divider Style","options":[{"img":"solid","value":"solid","label":"solid"},{"img":"dotted","value":"dotted","label":"dotted"},{"img":"dashed","value":"dashed","label":"dashed"},{"img":"double","value":"double","label":"double"}]},{"id":"stroke_w_divider","type":"range","label":"Thickness","class":"xsmall","units":{"px":{"max":5000}}},{"id":"color_divider","type":"color","label":"c"},{"id":"top_margin_divider","type":"range","label":"Top Margin","class":"xsmall","units":{"px":{"min":-2500,"max":3500}}},{"id":"bottom_margin_divider","type":"range","label":"Bottom Margin","class":"xsmall","units":{"px":{"min":-2500,"max":3500}}},{"id":"divider_type","type":"radio","label":"Divider Width","options":[{"value":"fullwidth","name":"fw"},{"value":"custom","name":"cus"}],"option_js":true},{"id":"divider_width","type":"range","label":"w","class":"xsmall","wrap_class":"tb_group_element_custom","units":{"px":{"max":5000}}},{"id":"divider_align","type":"icon_radio","label":"align","aligment2":true,"wrap_class":"tb_group_element_custom"},{"type":"custom_css_id","custom_css":"css_divider"}],"image":[{"id":"mod_title_image","type":"title"},{"id":"style_image","type":"layout","label":"Image Style","mode":"sprite","options":[{"img":"image_top","value":"image-top","label":"Image Top"},{"img":"image_left","value":"image-left","label":"Image Left"},{"img":"image_center","value":"image-center","label":"Image Center"},{"img":"image_right","value":"image-right","label":"Image Right"},{"img":"image_overlay","value":"image-overlay","label":"Partial Overlay"},{"img":"image_card_layout","value":"image-card-layout","label":"Card Layout"},{"img":"image_centered_overlay","value":"image-full-overlay","label":"Full Overlay"}],"binding":{"not_empty":{"hide":"caption_on_overlay"},"image-overlay":{"show":"caption_on_overlay"},"image-full-overlay":{"show":"caption_on_overlay"}}},{"id":"caption_on_overlay","type":"checkbox","label":"","options":[{"name":"yes","value":"Show overlay on hover"}]},{"id":"url_image","type":"image","label":"imgurl"},{"id":"appearance_image","type":"checkbox","label":"app","img_appearance":true},{"id":"image_size_image","type":"select","label":"imgs","hide":true,"image_size":true},{"id":"width_image","label":"w","type":"number","after":"px"},{"id":"auto_fullwidth","type":"checkbox","label":"","options":[{"name":"1","value":"Auto fullwidth image"}],"wrap_class":"auto_fullwidth"},{"id":"height_image","type":"number","label":"ht","after":"px"},{"id":"title_image","type":"text","label":"imgt","control":{"selector":".image-title"}},{"id":"title_tag","type":"select","label":"tht","h_tags":true,"default":"h3"},{"id":"link_image","type":"url","label":"imgl","binding":{"empty":{"hide":["param_image","image_zoom_icon","lightbox_size"]},"not_empty":{"show":["param_image","image_zoom_icon","lightbox_size"]}}},{"id":"param_image","type":"radio","label":"o_l","link_type":true,"option_js":true,"wrap_class":"link_options tb_compact_radios","default":"regular","binding":{"regular":{"hide":"lightbox_size"},"newtab":{"hide":"lightbox_size"},"lightbox":{"show":"lightbox_size"}}},{"type":"multi","label":"Lightbox Dimension","id":"multi_lightbox","options":[{"id":"lightbox_width","type":"range","label":"w","control":false,"units":{"px":{"max":3500},"%":""}},{"id":"lightbox_height","type":"range","label":"ht","control":false,"units":{"px":{"max":3500},"%":""}}],"wrap_class":"tb_group_element_lightbox"},{"id":"image_zoom_icon","type":"checkbox","label":"","options":[{"name":"zoom","value":"Show zoom icon"}],"wrap_class":"tb_group_element_lightbox tb_group_element_newtab"},{"id":"caption_image","type":"textarea","label":"imgc","control":{"selector":".image-caption"}},{"id":"alt_image","type":"text","label":"Alt Tag","help":"Optional: Image alt is the image \"alt\" attribute. Primarily used for SEO describing the image.","control":false},{"type":"custom_css_id","custom_css":"css_image"}],"buttons":[{"id":"content_button","type":"builder","options":[{"id":"label","type":"text","label":"text","control":{"selector":".module-buttons-item span"}},{"id":"link","type":"url","label":"l","binding":{"empty":{"hide":["link_options","button_color_bg","title"]},"not_empty":{"show":["link_options","button_color_bg","title"]}}},{"id":"link_options","type":"radio","label":"o_l","link_type":true,"option_js":true},{"type":"multi","label":"Lightbox Dimension","options":[{"id":"lightbox_width","type":"range","label":"w","control":false,"units":{"px":{"max":3000},"%":""}},{"id":"lightbox_height","label":"ht","control":false,"type":"range","units":{"px":{"max":3000},"%":""}}],"wrap_class":"tb_group_element_lightbox lightbox_size"},{"id":"button_color_bg","type":"layout","label":"c","class":"tb_colors","mode":"sprite","color":true,"transparent":true},{"type":"radio","id":"t","label":"icon","options":[{"value":"i","name":"icon"},{"value":"l","name":"lt"}],"option_js":true},{"id":"icon","type":"icon","label":"icon","wrap_class":"tb_group_element_i","class":"fullwidth","binding":{"empty":{"hide":"icon_alignment"},"not_empty":{"show":"icon_alignment"}}},{"type":"lottie","wrap_class":"tb_group_element_l","binding":{"empty":{"hide":"icon_alignment"},"not_empty":{"show":"icon_alignment"}}},{"id":"icon_alignment","type":"select","label":"ialign","options":{"left":"left","right":"right"}},{"id":"title","type":"text","label":"tat"},{"id":"id","type":"text","label":"idat"}]},{"type":"group","label":"Button Appearance","display":"accordion","options":[{"id":"buttons_size","label":"Size","type":"layout","mode":"sprite","options":[{"img":"normall_button","value":"normal","label":"def"},{"img":"small_button","value":"small","label":"sml"},{"img":"large_button","value":"large","label":"lrg"},{"img":"xlarge_button","value":"xlarge","label":"xlrg"}],"control":{"classSelector":""}},{"id":"buttons_shape","type":"layout","mode":"sprite","label":"Shape","options":[{"img":"normall_button","value":"normal","label":"def"},{"img":"squared_button","value":"squared","label":"squared"},{"img":"circle_button","value":"circle","label":"circle"},{"img":"rounded_button","value":"rounded","label":"rounded"}],"control":{"classSelector":""}},{"id":"buttons_style","type":"layout","mode":"sprite","label":"bg","options":[{"img":"solid_button","value":"solid","label":"solid"},{"img":"outline_button","value":"outline","label":"o"},{"img":"transparent_button","value":"transparent","label":"transparent"}],"control":{"classSelector":""}},{"id":"display","type":"layout","mode":"sprite","label":"disp","options":[{"img":"horizontal_button","value":"buttons-horizontal","label":"hrztal"},{"img":"vertical_button","value":"buttons-vertical","label":"vertical"}],"control":{"classSelector":""}},{"id":"fullwidth_button","type":"toggle_switch","label":"fw","options":{"on":{"name":"buttons-fullwidth"}},"binding":{"checked":{"hide":"display"},"not_checked":{"show":"display"}}},{"id":"nofollow_link","type":"toggle_switch","label":"Nofollow","options":{"on":{"name":"yes"}},"help":"If nofollow is enabled, search engines won't crawl this link.","control":false},{"id":"download_link","type":"toggle_switch","label":"dwnable","options":{"on":{"name":"yes"}},"help":"dwnablef","control":false}]},{"type":"custom_css_id","custom_css":"css_button"}],"login":[{"id":"mod_title","type":"title"},{"id":"content_text","type":"textarea","label":"Logged In Message","help":"Message to show if visitor is logged in","after":"You can use: %username%, %display_name%, %first_name%, %last_name%, %email%"},{"id":"logout_link","type":"toggle_switch","label":"Logout Link","options":{"on":{"name":"show","value":"s"},"off":{"name":"hide","value":"hi"}},"binding":{"hide":{"hide":"logout_redirect"},"show":{"show":"logout_redirect"}}},{"id":"logout_redirect","type":"url","label":"Redirect URL after logout","control":false},{"id":"alignment","type":"icon_radio","label":"falign","aligment2":true},{"type":"group","label":"Login Form","display":"accordion","options":[{"id":"redirect_to","type":"url","label":"Redirect URL","help":"Redirect to this URL after successful login","control":false},{"id":"fail_action","type":"select","label":"When Login Fails","options":{"r":"Redirect to WP login page","c":"Redirect to custom page","m":"Show message"},"binding":{"r":{"hide":["redirect_fail","msg_fail"]},"c":{"show":"redirect_fail","hide":"msg_fail"},"m":{"hide":"redirect_fail","show":"msg_fail"}}},{"id":"redirect_fail","type":"url","label":"Redirect URL on Error","help":"Redirect to this URL after unsuccessful login.","control":false},{"id":"msg_fail","type":"textarea","label":"Fail Message","after":"Message to show when login fails.","control":{"selector":".tb_login_error"}},{"type":"multi","label":"labels","options":[{"id":"icon_username","type":"icon"},{"id":"label_username","type":"text","after":"Username","control":{"selector":".tb_login_username_text"}}]},{"type":"multi","label":"","options":[{"id":"icon_password","type":"icon"},{"id":"label_password","type":"text","after":"Password","control":{"selector":".tb_login_password_text"}}]},{"type":"multi","label":"","options":[{"id":"icon_remember","type":"icon"},{"id":"label_remember","type":"text","after":"Remember Me","control":{"selector":".tb_login_remember_text"}}]},{"type":"multi","label":"","options":[{"id":"icon_log_in","type":"icon"},{"id":"label_log_in","type":"text","after":"Log In","control":{"selector":".tb_login_submit button"}}]},{"type":"multi","label":"","options":[{"id":"icon_forgotten_password","type":"icon"},{"id":"label_forgotten_password","type":"text","after":"Forgotten Password Link","control":{"selector":".tb_login_form .tb_login_links a"}}]},{"id":"remember_me_display","type":"toggle_switch","label":"Remember Me","options":{"on":{"name":"show","value":"s"},"off":{"name":"hide","value":"hi"}}}]},{"type":"group","label":"Reset Password Form","display":"accordion","options":[{"id":"lostpasswordform_redirect_to","type":"url","label":"Redirect URL","help":"Redirect to this URL after password reset form submission","control":false},{"type":"multi","label":"labels","options":[{"id":"lostpasswordform_icon_username","type":"icon"},{"id":"lostpasswordform_label_username","type":"text","after":"Username","control":{"selector":".tb_lostpassword_username_text"}}]},{"type":"multi","label":"","options":[{"id":"lostpasswordform_icon_reset","type":"icon"},{"id":"lostpasswordform_label_reset","type":"text","after":"Reset Password Button","control":{"selector":".tb_lostpassword_submit button"}}]}]},{"type":"custom_css_id","custom_css":"css"}],"accordion":[{"id":"mod_title_accordion","type":"title"},{"id":"content_accordion","type":"builder","options":[{"id":"title_accordion","type":"text","label":"Accordion Title","class":"large","control":{"selector":".accordion-title span"}},{"id":"text_accordion","type":"wp_editor","rows":6,"control":{"selector":".tb_text_wrap"}},{"id":"default_accordion","type":"radio","label":"def","options":[{"value":"closed","name":"Closed"},{"value":"open","name":"Open"}]}]},{"id":"schema","type":"toggle_switch","label":"FAQ Schema","options":{"on":{"name":"yes"}},"help":"Only enable this schema data option if you are using Accordion for FAQ."},{"type":"group","label":"Accordion Layout","display":"accordion","options":[{"id":"layout_accordion","type":"layout","mode":"sprite","label":"lay","options":[{"img":"accordion_default","value":"default","label":"Continuous Panels"},{"img":"accordion_separate","value":"separate","label":"Separated Panels"}],"control":{"classSelector":".ui"}},{"id":"expand_collapse_accordion","type":"radio","label":"Toggle Mode","options":[{"value":"toggle","name":"Toggle"},{"value":"accordion","name":"Accordion"}],"new_line":true,"help":"Toggle means only clicked is toggled. Accordion will collapse all, but keep clicked item expanded."},{"id":"color_accordion","type":"layout","mode":"sprite","class":"tb_colors","label":"c","color":true,"transparent":true},{"id":"accordion_appearance_accordion","type":"checkbox","label":"app","appearance":true},{"type":"multi","label":"icon","options":[{"id":"icon_accordion","type":"icon","label":"Closed Icon"},{"id":"icon_active_accordion","type":"icon","label":"Opened Icon"}]},{"id":"hashtag","type":"toggle_switch","label":"URL Hashtag","options":"simple"}]},{"type":"custom_css_id","custom_css":"css_accordion"}],"alert":[{"id":"mod_title_alert","type":"title"},{"id":"layout_alert","type":"layout","mode":"sprite","label":"Alert Style","options":[{"img":"callout_button_right","value":"button-right","label":"Button Right"},{"img":"callout_button_left","value":"button-left","label":"Button Left"},{"img":"callout_button_bottom","value":"button-bottom","label":"Button Bottom"},{"img":"callout_button_bottom_center","value":"button-bottom-center","label":"Button Bottom Center"}]},{"id":"heading_alert","type":"text","label":"Alert Heading","control":{"selector":".alert-heading"}},{"id":"title_tag","type":"select","label":"Alert Title Tag","h_tags":true,"default":"h3"},{"id":"text_alert","type":"textarea","label":"Alert Text","control":{"selector":".alert-content .tb_text_wrap"}},{"id":"color_alert","type":"layout","mode":"sprite","class":"tb_colors","label":"Alert Color","color":true,"transparent":true},{"id":"appearance_alert","type":"checkbox","label":"Alert Appearance","appearance":true},{"type":"group","display":"accordion","label":"Action Button","options":[{"id":"action_btn_text_alert","type":"text","label":"Action Button","class":"medium","control":{"selector":".tb_alert_text"}},{"id":"alert_button_action","type":"select","label":"Click Action","options":{"close":"Close alert box","message":"Display a message","url":"Go to URL"},"binding":{"close":{"hide":["alert_message_text","action_btn_link_alert","open_link_new_tab_alert","lb_size_alert"]},"message":{"show":"alert_message_text","hide":["action_btn_link_alert","open_link_new_tab_alert","lb_size_alert"]},"url":{"show":["action_btn_link_alert","open_link_new_tab_alert","lb_size_alert"],"hide":"alert_message_text"}}},{"id":"alert_message_text","type":"textarea","label":"Message text"},{"id":"action_btn_link_alert","type":"url","label":"Action Link"},{"id":"open_link_new_tab_alert","type":"radio","label":"o_l","options":[{"value":"no","name":"swin"},{"value":"yes","name":"nwin"},{"value":"lightbox","name":"lg"}],"option_js":true},{"type":"multi","id":"lb_size_alert","label":"Lightbox Dimension","options":[{"id":"lightbox_width","label":"w","type":"range","control":false,"units":{"px":{"max":3500},"em":{"min":-50,"max":50},"%":""}},{"id":"lightbox_height","label":"ht","type":"range","control":false,"units":{"px":{"max":3500},"em":{"min":-50,"max":50},"%":""}}],"wrap_class":"tb_group_element_lightbox lightbox_size"},{"id":"action_btn_color_alert","type":"layout","class":"tb_colors","mode":"sprite","label":"Button Color","color":true,"transparent":true},{"id":"action_btn_appearance_alert","type":"checkbox","label":"app","appearance":true}]},{"type":"group","label":"Alert Options","display":"accordion","options":[{"id":"alert_no_date_limit","type":"toggle_switch","label":"Schedule Alert","options":{"on":{"name":"alert_schedule","value":"en"},"off":{"name":"","value":"dis"}},"binding":{"checked":{"show":["alert_start_at","alert_end_at"]},"not_checked":{"hide":["alert_start_at","alert_end_at"]}}},{"id":"alert_start_at","type":"date","label":"Start at"},{"id":"alert_end_at","type":"date","label":"End at"},{"id":"alert_show_to","type":"select","label":"Guest\/Logged Users","options":{"":"Show to all users","guest":"Show only to guest visitors","user":"Show only to logged-in users"}},{"id":"alert_limit_count","type":"number","label":"Limit Display","help":"Enter the number of times that this alert should show."},{"id":"alert_auto_close","label":"Auto Close","type":"toggle_switch","options":{"on":{"name":"alert_close_auto","value":"en"},"off":{"name":"","value":"dis"}},"binding":{"checked":{"show":"alert_auto_close_delay"},"not_checked":{"hide":"alert_auto_close_delay"}}},{"id":"alert_auto_close_delay","type":"number","label":"Close Alert After","after":"Seconds"}]},{"type":"custom_css_id","custom_css":"css_alert"}],"box":[{"id":"mod_title_box","type":"title"},{"id":"content_box","type":"wp_editor","control":{"selector":".tb_text_wrap"}},{"id":"color_box","type":"layout","mode":"sprite","class":"tb_colors","label":"c","color":true},{"id":"appearance_box","type":"checkbox","label":"app","appearance":true},{"type":"custom_css_id","custom_css":"add_css_box"}],"callout":[{"id":"mod_title_callout","type":"title"},{"id":"layout_callout","type":"layout","mode":"sprite","label":"Callout Style","options":[{"img":"callout_button_right","value":"button-right","label":"Button Right"},{"img":"callout_button_left","value":"button-left","label":"Button Left"},{"img":"callout_button_bottom","value":"button-bottom","label":"Button Bottom"},{"img":"callout_button_bottom_center","value":"button-bottom-center","label":"Button Bottom Center"}]},{"id":"heading_callout","type":"text","label":"Callout Heading","control":{"selector":".callout-heading"}},{"id":"title_tag","type":"select","label":"Callout Title Tag","h_tags":true,"default":"h3"},{"id":"text_callout","type":"textarea","label":"Callout Text","control":{"selector":".tb_text_wrap"}},{"id":"color_callout","type":"layout","mode":"sprite","class":"tb_colors","label":"c","color":true,"transparent":true},{"id":"appearance_callout","type":"checkbox","label":"app","appearance":true},{"type":"group","label":"Action Button","display":"accordion","options":[{"id":"action_btn_link_callout","type":"url","label":"Action Link","control":{"selector":".tb_callout_text"}},{"id":"open_link_new_tab_callout","type":"radio","label":"o_l","options":[{"value":"no","name":"swin"},{"value":"yes","name":"nwin"}]},{"id":"action_btn_text_callout","type":"text","label":"Action Button","class":"medium"},{"id":"action_btn_color_callout","type":"layout","class":"tb_colors","mode":"sprite","label":"Button Color","color":true,"transparent":true},{"id":"action_btn_appearance_callout","type":"checkbox","label":"app","appearance":true}]},{"type":"custom_css_id","custom_css":"css_callout"}],"code":[{"id":"m_t","type":"title"},{"type":"code","options":{"lng":"Language","theme":"Color Schemes"},"control":false},{"id":"numbers","label":"Line Numbers","type":"toggle_switch","options":"simple"},{"id":"copy","label":"Copy Button","type":"toggle_switch","options":"simple"},{"id":"highlight","label":"Higlight Lines","type":"text","description":"Example: 1-2, 4, 5-8","control":{"event":"change"}},{"type":"custom_css_id","custom_css":"css"}],"copyright":[{"id":"title","type":"title"},{"id":"text","type":"textarea","label":"Copyright Text"},{"type":"template_fields","target":"text","fields":["%site_name%","%site_description%","%site_url%","%year%"],"title":"Available Fields"},{"type":"custom_css_id","custom_css":"add_css_text"}],"fancy-heading":[{"id":"heading","type":"text","label":"head","control":{"selector":".main-head"}},{"id":"heading_link","type":"url","label":"Heading Link"},{"id":"sub_heading","type":"text","label":"Sub Heading","control":{"selector":".sub-head"}},{"id":"sub_heading_link","type":"url","label":"Sub Heading Link"},{"id":"icon_type","type":"radio","label":"Divider Icon","options":[{"value":"icon","name":"icon"},{"value":"image_icon","name":"image"},{"value":"l","name":"lt"}],"option_js":true},{"id":"image","type":"image","label":"imgurl","wrap_class":"tb_group_element_image_icon"},{"type":"multi","label":"","wrap_class":"tb_group_element_icon","options":[{"id":"icon","type":"icon","label":"icon"},{"id":"icon_c","type":"color","label":"c","class":"medium"}]},{"wrap_class":"tb_group_element_l","type":"lottie"},{"id":"heading_tag","label":"HTML Tag","type":"select","options":{"h1":"h1","h2":"h2","h3":"h3"}},{"id":"text_alignment","label":"talign","type":"icon_radio","options":[{"value":"themify-text-left","name":"Left","icon":"<svg  class=\"tf_fa tf-ti-align-left\" aria-hidden=\"true\"><use href=\"#tf-ti-align-left\"><\/use><\/svg>"},{"value":"themify-text-center","name":"Center","icon":"<svg  class=\"tf_fa tf-ti-align-center\" aria-hidden=\"true\"><use href=\"#tf-ti-align-center\"><\/use><\/svg>"},{"value":"themify-text-right","name":"Right","icon":"<svg  class=\"tf_fa tf-ti-align-right\" aria-hidden=\"true\"><use href=\"#tf-ti-align-right\"><\/use><\/svg>"}]},{"id":"inline_text","type":"checkbox","label":"Inline Text","options":[{"name":"1","value":"Display main & sub heading as one line"}],"control":{"type":"refresh"}},{"id":"divider","label":"Divider","type":"toggle_switch","options":{"on":{"name":"yes"},"off":{"name":"no"}}},{"type":"custom_css_id","custom_css":"css_class"}],"feature":[{"id":"mod_title_feature","type":"title"},{"id":"title_feature","type":"text","label":"Feature Title","class":"large","control":{"selector":".module-feature-title a"}},{"id":"title_tag","type":"select","label":"tht","h_tags":true,"default":"h3"},{"id":"content_feature","type":"wp_editor","control":{"selector":".tb_text_wrap"}},{"id":"link_feature","type":"url","label":"l","binding":{"empty":{"hide":["link_options","lightbox_size","feature_download_link"]},"not_empty":{"show":["link_options","lightbox_size","feature_download_link"]}}},{"id":"feature_download_link","type":"checkbox","label":"Download-able Link","options":[{"name":"yes","value":"dwnablef"}]},{"id":"link_options","type":"radio","label":"o_l","link_type":true,"wrap_class":"tb_compact_radios","option_js":true},{"type":"multi","label":"Lightbox Dimension","options":[{"id":"lightbox_width","label":"w","type":"range","control":false,"units":{"px":{"max":3500},"em":{"min":-50,"max":50},"%":""}},{"id":"lightbox_height","label":"ht","type":"range","control":false,"units":{"px":{"max":3500},"em":{"min":-50,"max":50},"%":""}}],"wrap_class":"tb_group_element_lightbox lightbox_size"},{"id":"overlap_image_feature","type":"image","label":"Overlap Image","binding":{"empty":{"hide":["overlap_image_width","overlap_image_height"]},"not_empty":{"show":["overlap_image_width","overlap_image_height"]}}},{"type":"multi","label":"","options":[{"id":"overlap_image_width","type":"text","label":"w"},{"id":"overlap_image_height","type":"text","label":"ht"}]},{"type":"group","label":"Feature Layout","display":"accordion","options":[{"id":"layout_feature","type":"layout","label":"lay","mode":"sprite","options":[{"img":"icon_left","value":"icon-left","label":"Icon Left"},{"img":"icon_right","value":"icon-right","label":"Icon Right"},{"img":"icon_top","value":"icon-top","label":"Icon Top"}]},{"id":"layout_mobile","type":"layout","label":"Mobile Layout","mode":"sprite","options":[{"img":"icon_top","value":"icon-top","label":"Icon Top"},{"img":"icon_left","value":"icon-left","label":"Icon Left"},{"img":"icon_right","value":"icon-right","label":"Icon Right"}]},{"type":"multi","label":"circle","wrap_class":"multi_circle_feature","options":[{"id":"circle_percentage_feature","type":"range","label":"Percentage","class":"xsmall","units":{"%":""}},{"id":"circle_stroke_feature","type":"range","label":"Stroke","class":"xsmall","units":{"px":""}},{"id":"circle_color_feature","type":"color","label":"c"},{"id":"circle_size_feature","type":"select","label":"Size","options":{"small":"sml","medium":"mdm","large":"lrg","custom":"cus"},"binding":{"small":{"hide":"custom_circle_size_feature"},"medium":{"hide":"custom_circle_size_feature"},"large":{"hide":"custom_circle_size_feature"},"custom":{"show":"custom_circle_size_feature"}}},{"id":"custom_circle_size_feature","type":"number","after":"Circle size(px)"}]},{"id":"icon_type_feature","type":"radio","label":"icont","options":[{"value":"icon","name":"icon"},{"value":"image_icon","name":"image"},{"value":"both","name":"both"}],"option_js":true},{"id":"image_feature","type":"image","label":"imgurl","wrap_class":"tb_group_element_image_icon tb_group_element_both"},{"type":"group","wrap_class":"tb_group_element_icon tb_group_element_both","options":[{"id":"stype","label":"","type":"radio","options":[{"value":"i","name":"icon"},{"value":"l","name":"lt"}],"option_js":true},{"type":"multi","label":"","options":[{"id":"icon_feature","wrap_class":"tb_group_element_i","type":"icon","label":"icon"},{"id":"icon_color_feature","wrap_class":"tb_group_element_i","type":"color","label":"c","class":"medium"}]},{"id":"icon_bg_feature","type":"color","label":"bg","class":"medium"},{"wrap_class":"tb_group_element_l","type":"lottie"}]},{"id":"icon_position","type":"angle","deg":true,"label":"iconp","wrap_class":"tb_group_element_both"}]},{"type":"custom_css_id","custom_css":"css_feature"}],"gallery":[{"id":"mod_title_gallery","type":"title"},{"id":"layout_gallery","type":"radio","label":"Gallery Layout","options":[{"value":"grid","name":"grid"},{"value":"showcase","name":"shcase"},{"value":"lightboxed","name":"lbxed"},{"value":"slider","name":"slider"}],"wrap_class":"tb_compact_radios","option_js":true,"binding":{"slider":{"hide":"items_per_slide"}}},{"id":"layout_masonry","type":"toggle_switch","label":"Masonry","options":{"on":{"name":"masonry","value":"en"},"off":{"name":"","value":"dis"}},"wrap_class":"tb_group_element_grid"},{"id":"thumbnail_gallery","type":"image","label":"Thumbnail","class":"large","wrap_class":"tb_group_element_lightboxed"},{"id":"shortcode_gallery","type":"gallery","label":"Gallery Shortcode"},{"id":"gallery_pagination","label":"Pagination","type":"toggle_switch","options":{"on":{"name":"pagination","value":"en"},"off":{"name":"","value":"dis"}},"binding":{"checked":{"show":"gallery_per_page"},"not_checked":{"hide":"gallery_per_page"}},"wrap_class":"tb_group_element_grid"},{"id":"gallery_per_page","type":"number","label":"Images Per Page","wrap_class":"tb_group_element_grid tb_checkbox_element_pagination"},{"id":"slider_thumbs","type":"toggle_switch","label":"Slider Thumbnails","default":"on","options":{"on":{"name":"","value":"s"},"off":{"name":"yes","value":"hi"}},"wrap_class":"tb_group_element_slider"},{"id":"gallery_image_title","label":"imgt","type":"toggle_switch","options":{"on":{"name":"yes","value":"s"},"off":{"name":"","value":"hi"}}},{"id":"gallery_exclude_caption","label":"imgc","type":"toggle_switch","default":"on","options":{"on":{"name":"","value":"s"},"off":{"name":"yes","value":"hi"}}},{"id":"s_image_w_gallery","type":"number","label":"imgw","hide":false,"after":"px","wrap_class":"tb_group_element_showcase tb_group_element_slider"},{"id":"s_image_h_gallery","type":"number","label":"imgh","hide":false,"after":"px","wrap_class":"tb_group_element_showcase tb_group_element_slider"},{"id":"s_image_size_gallery","type":"select","label":"Main Image Size","hide":true,"image_size":true},{"id":"thumb_w_gallery","type":"number","label":"Thumbnail Width","hide":false,"after":"px"},{"id":"thumb_h_gallery","type":"number","label":"Thumbnail Height","hide":false,"after":"px"},{"id":"image_size_gallery","type":"select","label":"imgs","hide":true,"image_size":true},{"id":"gallery_columns","type":"select","label":"Columns","options":{"1":1,"2":2,"3":3,"4":4,"5":5,"6":6,"7":7,"8":8,"9":9},"wrap_class":"tb_group_element_grid"},{"id":"t_columns","type":"select","label":"","after":"Tablet Columns","options":{"":"","1":1,"2":2,"3":3,"4":4,"5":5,"6":6,"7":7,"8":8,"9":9},"wrap_class":"tb_group_element_grid","default":""},{"id":"m_columns","type":"select","label":"","after":"Mobile Columns","options":{"":"","1":1,"2":2,"3":3,"4":4,"5":5,"6":6,"7":7,"8":8,"9":9},"wrap_class":"tb_group_element_grid","default":""},{"id":"link_opt","type":"select","label":"Link to","options":{"post":"Attachment Page","file":"medf","none":"none"},"wrap_class":"tb_group_element_grid tb_group_element_slider","binding":{"file":{"show":["lightbox","link_image_size","lightbox_title"]},"post":{"hide":["lightbox","link_image_size","lightbox_title"]},"none":{"hide":["lightbox","link_image_size","lightbox_title"]}}},{"id":"lightbox","type":"select","label":"Enable Lightbox","options":{"":"def","y":"y","n":"no"},"wrap_class":"tb_group_element_grid tb_group_element_slider"},{"id":"link_image_size","type":"select","label":"Link to Image Size","image_size":true,"wrap_class":"tb_group_element_grid tb_group_element_slider"},{"id":"lightbox_title","label":"Lightbox Image Title","type":"toggle_switch","default":"on","options":{"on":{"name":"","value":"s"},"off":{"name":"no","value":"hi"}}},{"id":"appearance_gallery","type":"checkbox","label":"Image Appearance","img_appearance":true},{"type":"slider","slider_options":true,"wrap_class":"tb_group_element_slider"},{"type":"custom_css_id","custom_css":"css_gallery"}],"icon":[{"id":"content_icon","type":"builder","new_row":"Add new","options":[{"id":"icon_type","type":"radio","label":"icont","options":[{"value":"icon","name":"icon"},{"value":"image","name":"image"},{"value":"l","name":"lt"}],"option_js":true},{"type":"group","wrap_class":"tb_group_element_image","options":[{"id":"image","type":"image","label":"imgurl"},{"type":"multi","label":"","options":[{"id":"w_i","label":"w","type":"number","after":"px"},{"id":"h_i","type":"number","label":"ht","after":"px"}]}]},{"type":"multi","label":"icon","wrap_class":"tb_group_element_icon","options":[{"id":"icon","type":"icon","label":"icon"},{"id":"c","type":"color","label":"c"}]},{"wrap_class":"tb_group_element_l","type":"lottie"},{"id":"bg","type":"color","label":"bg"},{"id":"label","type":"text","label":"label","control":{"selector":".module-icon-item>span"}},{"id":"hide_label","type":"checkbox","label":"","options":[{"name":"hide","value":"Hide label text"}]},{"id":"link","type":"url","label":"l","binding":{"empty":{"hide":["link_options","lightbox_size"]},"not_empty":{"show":["link_options","lightbox_size"]}}},{"id":"link_options","type":"radio","label":"o_l","link_type":true,"option_js":true,"wrap_class":" tb_compact_radios"},{"type":"multi","label":"Lightbox Dimension","options":[{"id":"lightbox_width","label":"w","control":false,"type":"range","units":{"px":{"max":3500},"%":"","em":{"min":-50,"max":50}}},{"id":"lightbox_height","label":"ht","control":false,"type":"range","units":{"px":{"max":3500},"%":"","em":{"min":-50,"max":50}}}],"wrap_class":"tb_group_element_lightbox"}]},{"type":"group","label":"Icon Layout","display":"accordion","options":[{"id":"icon_size","label":"Size","type":"layout","mode":"sprite","options":[{"img":"normall_button","value":"normal","label":"n"},{"img":"small_button","value":"small","label":"sml"},{"img":"large_button","value":"large","label":"lrg"},{"img":"xlarge_button","value":"xlarge","label":"xlrg"}]},{"id":"icon_style","label":"Icon Shape","type":"layout","mode":"sprite","options":[{"img":"circle_button","value":"circle","label":"circle"},{"img":"rounded_button","value":"rounded","label":"rounded"},{"img":"squared_button","value":"squared","label":"squared"},{"img":"none","value":"none","label":"none"}]},{"id":"icon_arrangement","label":"Arrangement","type":"layout","mode":"sprite","options":[{"img":"horizontal_button","value":"icon_horizontal","label":"hrztal"},{"img":"vertical_button","value":"icon_vertical","label":"vertical"}]},{"id":"icon_position","type":"icon_radio","label":"iconp","aligment2":true}]},{"type":"custom_css_id","custom_css":"css_icon"}],"layout-part":[{"id":"mod_title_layout_part","type":"title"},{"id":"selected_layout_part","type":"layoutPart","label":"Layout Part","required":{"message":"Please select a Layout Part. If you don't have any, add a new Layout Part"},"add_url":"https:\/\/themify.org\/dev\/wp-admin\/post-new.php?post_type=tbuilder_layout_part","edit_url":"https:\/\/themify.org\/dev\/wp-admin\/edit.php?post_type=tbuilder_layout_part"},{"type":"custom_css_id","custom_css":"add_css_layout_part"}],"link-block":[{"id":"shape","type":"layout","mode":"sprite","label":"Shape","options":[{"img":"normall_button","value":"normal","label":"def"},{"img":"squared_button","value":"squared","label":"squared"},{"img":"circle_button","value":"circle","label":"circle"},{"img":"rounded_button","value":"rounded","label":"rounded"}]},{"id":"lb_layout","type":"layout","mode":"sprite","label":"Layout","options":[{"img":"lb_icon_center","value":"icon-center","label":"Icon Center"},{"img":"lb_icon_left","value":"icon-left","label":"Icon left"},{"img":"lb_icon_right","value":"icon-right","label":"Icon Right"}]},{"id":"style","type":"layout","mode":"sprite","label":"bg","options":[{"img":"solid_button","value":"solid","label":"solid"},{"img":"transparent_button","value":"transparent","label":"transparent"}]},{"id":"heading","type":"text","label":"head","control":{"selector":".tf_link_heading"}},{"id":"blurb","type":"textarea","label":"Blurb","control":{"selector":".tf_link_blurb"}},{"id":"icon_type","type":"radio","label":"icont","options":[{"value":"icon","name":"icon"},{"value":"image","name":"image"}],"option_js":true},{"id":"image","type":"image","label":"imgurl","wrap_class":"tb_group_element_image"},{"id":"icon","type":"icon","label":"icon","binding":{"empty":{"hide":"icon_alignment"},"not_empty":{"show":"icon_alignment"}},"wrap_class":"tb_group_element_icon"},{"id":"disp_icon_btm","type":"checkbox","label":"","options":[{"name":"icon_disp_btm","value":"Display icon at bottom"}]},{"id":"link","type":"url","label":"l","binding":{"empty":{"hide":["link_options","button_color_bg","title","nofollow_link"]},"not_empty":{"show":["link_options","button_color_bg","title","nofollow_link"]}}},{"id":"link_options","type":"radio","label":"o_l","link_type":true,"option_js":true},{"id":"nofollow_link","type":"toggle_switch","label":"Nofollow","options":{"on":{"name":"yes"}},"help":"If nofollow is enabled, search engines won't crawl this link.","control":false,"wrap_class":"tb_group_element_regular tb_group_element_newtab"},{"type":"multi","label":"Lightbox Dimension","options":[{"id":"lightbox_width","type":"range","label":"w","control":false,"units":{"px":{"min":0,"max":3000},"%":{"min":0,"max":100}}},{"id":"lightbox_height","label":"ht","control":false,"type":"range","units":{"px":{"min":0,"max":3000},"%":{"min":0,"max":100}}}],"wrap_class":"tb_group_element_lightbox lightbox_size"},{"id":"color","type":"layout","label":"c","class":"tb_colors","mode":"sprite","color":true,"transparent":true},{"id":"title","type":"text","label":"tat","control":false,"help":"Title attribute is for web accessibility purpose to describe the link."},{"type":"custom_css_id","custom_css":"css_class"}],"lottie":[{"id":"m_t","type":"title"},{"id":"loop","label":"Loop All Items","type":"toggle_switch","options":{"on":{"name":"1","value":"y"},"off":{"value":"n"}}},{"type":"builder","id":"actions","options":[{"type":"lottie","multi":1}]},{"type":"custom_css_id","custom_css":"css"}],"map":[{"id":"mod_title_map","type":"title"},{"id":"map_provider","type":"radio","label":"Map Provider","options":[{"value":"google","name":"Google"},{"value":"bing","name":"Bing"}],"option_js":true},{"id":"map_display_type","type":"radio","label":"Type","options":[{"value":"dynamic","name":"Dynamic"},{"value":"static","name":"Static image"}],"option_js":true,"wrap_class":"tb_group_element_google"},{"id":"address_map","type":"address","label":"Address"},{"id":"google_map_api_key","type":"check_map_api","map":"google","label":"","wrap_class":"tb_field_error_msg tb_group_element_google"},{"id":"bing_map_api_key","type":"check_map_api","map":"bing","label":"","wrap_class":"tb_field_error_msg tb_group_element_bing"},{"id":"latlong_map","type":"text","class":"large","label":"Lat\/Long","help":"To use Lat\/Long (eg. 43.6453137,-79.3918391) instead of address, leave address field empty."},{"type":"group","label":"Map Options","display":"accordion","options":[{"id":"bing_type_map","type":"select","label":"Type","options":{"aerial":"Aerial","road":"Road","canvasDark":"Canvas Dark","canvasLight":"Canvas Light","grayscale":"Gray Scale"},"wrap_class":"tb_group_element_bing"},{"id":"zoom_map","type":"select","label":"Zoom","options":{"1":1,"2":2,"3":3,"4":4,"5":5,"6":6,"7":7,"8":8,"9":9,"10":10,"11":11,"12":12,"13":13,"14":14,"15":15,"16":16,"17":17,"18":18,"19":19,"20":20}},{"id":"w_map","type":"range","class":"xsmall","label":"w","wrap_class":"tb_group_element_dynamic","units":{"px":{"max":3500},"%":"","vw":{"max":3500}}},{"id":"w_map_static","type":"number","label":"w","after":"px","wrap_class":"tb_group_element_static"},{"id":"h_map","type":"range","label":"ht","class":"xsmall","units":{"px":{"max":3500},"%":{"max":100},"vh":""}},{"type":"multi","label":"b","options":[{"id":"b_style_map","type":"select","border":true},{"id":"b_color_map","type":"color","class":"large"},{"id":"b_width_map","type":"range","class":"small","after":"px"}]},{"id":"type_map","type":"select","label":"Type","options":{"ROADMAP":"Road Map","SATELLITE":"Satellite","HYBRID":"Hybrid","TERRAIN":"Terrain"},"wrap_class":"tb_group_element_google"},{"id":"map_control","type":"toggle_switch","label":"Map Controls","options":"simple","wrap_class":"tb_group_element_dynamic"},{"id":"draggable_map","type":"toggle_switch","label":"Draggable","options":{"on":{"name":"enable","value":"en"},"off":{"name":"disable","value":"dis"}},"wrap_class":"tb_group_element_dynamic","binding":{"checked":{"show":"scrollwheel_map"},"not_checked":{"hide":"scrollwheel_map"}}},{"id":"scrollwheel_map","type":"toggle_switch","label":"Scrollwheel","options":{"on":{"name":"enable","value":"en"},"off":{"name":"disable","value":"dis"}},"wrap_class":"tb_group_element_dynamic"},{"id":"draggable_disable_mobile_map","type":"toggle_switch","label":"Mobile Draggable","options":{"on":{"name":"no","value":"en"},"off":{"name":"yes","value":"dis"}},"wrap_class":"tb_group_element_dynamic"},{"id":"info_window_map","type":"textarea","label":"Info Window","help":"Additional info that will be shown when clicking on map marker","wrap_class":"tb_group_element_dynamic"}]},{"type":"custom_css_id","custom_css":"css_map"}],"menu":[{"id":"mod_title_menu","type":"title"},{"id":"layout_menu","type":"layout","label":"Menu Layout","mode":"sprite","options":[{"img":"menu_bar","value":"menu-bar","label":"Menu Bar"},{"img":"menu_fullbar","value":"fullwidth","label":"Menu Fullbar"},{"img":"menu_vertical","value":"vertical","label":"Menu Vertical"}],"binding":{"not_empty":{"hide":"accordion","show":"mega"},"vertical":{"show":"accordion","hide":"mega"}}},{"id":"accordion","label":"Accordion Style","type":"toggle_switch","options":{"on":{"name":"allow_menu","value":"en"},"off":{"name":"","value":"dis"}}},{"id":"custom_menu","type":"select","dataset":"menu","description":"Add\/edit <a href=\"https:\/\/themify.org\/dev\/wp-admin\/nav-menus.php\" target=\"_blank\">Menus<\/a>","label":"Custom Menu","options":[]},{"id":"allow_menu_fallback","label":"","type":"checkbox","options":[{"name":"allow_fallback","value":"List all pages as fallback"}]},{"id":"mega","label":"Mega Menu","type":"toggle_switch","options":{"on":{"name":"y","value":"en"},"off":{"name":"","value":"dis"}},"help":"Configure mega menu at <a href=\"https:\/\/themify.org\/dev\/wp-admin\/nav-menus.php\" target=\"_blank\">Appearance > Menus<\/a> (<a href=\"https:\/\/themify.me\/docs\/builder#mega-menu\" target=\"_blank\">read more<\/a>)"},{"id":"allow_menu_breakpoint","label":"Mobile Menu","type":"toggle_switch","options":{"on":{"name":"allow_menu","value":"en"},"off":{"name":"","value":"dis"}},"binding":{"checked":{"show":["menu_breakpoint","menu_slide_direction","mobile_menu_style"]},"not_checked":{"hide":["menu_breakpoint","menu_slide_direction","mobile_menu_style"]}}},{"id":"menu_breakpoint","label":"","type":"number","after":"Breakpoint (px)","binding":{"empty":{"hide":"menu_slide_direction"},"not_empty":{"show":"menu_slide_direction"}},"wrap_class":"tb_checkbox_element_allow_menu"},{"id":"mobile_menu_style","label":"","type":"select","after":"Style","options":{"slide":"Slide","overlay":"overlay","dropdown":"Dropdown"},"binding":{"slide":{"show":"menu_slide_direction"},"overlay":{"show":"menu_slide_direction"},"dropdown":{"hide":"menu_slide_direction"}},"wrap_class":"tb_checkbox_element_allow_menu"},{"id":"menu_slide_direction","label":"","type":"select","after":"Slide Direction","options":{"right":"right","left":"left"},"wrap_class":"tb_checkbox_element_allow_menu"},{"id":"tooltips","type":"toggle_switch","label":"Menu Tooltips","default":"off","options":"simple"},{"id":"color_menu","type":"layout","label":"c","class":"tb_colors","mode":"sprite","color":true,"transparent":true},{"id":"according_style_menu","type":"checkbox","label":"app","appearance":true},{"type":"custom_css_id","custom_css":"css_menu"}],"optin":[{"id":"mod_title","type":"title"},{"id":"layout","type":"layout","label":"lay","mode":"sprite","options":[{"img":"optin_inline_block","value":"tb_optin_inline_block","label":"inlblock"},{"img":"optin_horizontal","value":"tb_optin_horizontal","label":"hrztal"},{"img":"optin_block","value":"tb_optin_block","label":"block"}]},{"id":"provider","label":"Optin Providers","type":"optin_provider"},{"type":"group","label":"labels","display":"accordion","options":[{"type":"multi","label":"First Name","options":[{"id":"label_firstname","type":"text","help":"First Name label","control":{"selector":".tb_optin_fname_text"}},{"id":"fname_hide","type":"checkbox","options":[{"name":"1","value":"hi"}],"binding":{"checked":{"show":"default_fname"},"not_checked":{"hide":"default_fname"}}}]},{"id":"fn_placeholder","type":"text","label":"placeh"},{"id":"default_fname","type":"text","label":"Default First Name","help":"Default name is recommended as some newsletter providers do not subscribe email address without a name."},{"type":"multi","label":"Last Name","options":[{"id":"label_lastname","type":"text","help":"Last Name label","control":{"selector":".tb_option_lastname_text"}},{"id":"lname_hide","type":"checkbox","options":[{"name":"1","value":"hi"}],"binding":{"checked":{"show":"default_lname"},"not_checked":{"hide":"default_lname"}}}]},{"id":"ln_placeholder","type":"text","label":"placeh"},{"id":"default_lname","type":"text","label":"Default Last Name"},{"id":"label_email","type":"text","label":"Email Address","control":{"selector":".tb_option_email_text"}},{"id":"email_placeholder","type":"text","label":"placeh"},{"id":"label_submit","type":"text","label":"Submit","control":{"selector":".tb_option_submit button"}},{"id":"button_icon","type":"icon","label":"Button Icon"},{"id":"gdpr","label":"GDPR","type":"toggle_switch","options":{"on":{"name":"on","value":"en"},"off":{"name":"","value":"dis"}},"binding":{"checked":{"show":"gdpr_label"},"not_checked":{"hide":"gdpr_label"}}},{"id":"gdpr_label","type":"textarea","label":"GDPR Message"}]},{"type":"group","label":"Success Action","display":"accordion","options":[{"id":"success_action","type":"radio","label":"Success Action","options":[{"value":"s2","name":"Show Message"},{"value":"s1","name":"Redirect to URL"}],"option_js":true},{"id":"redirect_to","type":"url","label":"Redirect URL","wrap_class":"tb_group_element_s1"},{"id":"message","type":"wp_editor","wrap_class":"tb_group_element_s2"}]},{"type":"custom_css_id","custom_css":"css"}],"overlay-content":[{"id":"selected_layout_part","type":"layoutPart","label":"Layout Part","required":{"message":"Please select a Layout Part. If you don't have any, add a new Layout Part"},"add_url":"https:\/\/themify.org\/dev\/wp-admin\/post-new.php?post_type=tbuilder_layout_part","edit_url":"https:\/\/themify.org\/dev\/wp-admin\/edit.php?post_type=tbuilder_layout_part"},{"type":"multi","label":"Overlay Dimension","options":[{"id":"overlay_width","label":"w","type":"range","units":{"%":"","vw":"","px":{"max":5000}}},{"id":"overlay_height","label":"ht","type":"range","units":{"%":"","vh":"","px":{"max":5000}}}]},{"id":"overlay_type","type":"radio","label":"Overlay Style","options":[{"value":"overlay","name":"overlay"},{"value":"expandable","name":"Expandable"}],"option_js":true,"wrap_class":"tb_group_element_overlay tb_group_element_expandable"},{"id":"style","label":"","type":"select","options":{"overlay":"Fade In","slide_down":"Slide Down","slide_left":"Slide Left","slide_right":"Slide Right","slide_up":"Slide Up"},"wrap_class":"tb_group_element_overlay"},{"id":"expand_mode","label":"Open As","type":"select","options":{"overlap":"Overlap","below":"Below"},"wrap_class":"tb_group_element_expandable"},{"id":"icon","type":"icon","label":"icon","class":"large"},{"id":"icon_title","type":"text","class":"large","label":"Icon Text","control":{"selector":".tb_ov_co_icon_title"}},{"type":"custom_css_id","custom_css":"add_css_layout_part"}],"page-break":[],"plain-text":[{"id":"plain_text","type":"textarea","codeeditor":"htmlmixed","control":{"selector":".tb_text_wrap"}},{"id":"formatting","type":"toggle_switch","label":"Content Formatting","default":"on","options":{"on":{"name":"","value":"en"},"off":{"name":"1","value":"dis"}},"help":"Enable for shortcodes, <a href=\"https:\/\/wordpress.org\/support\/article\/embeds\/\">embeds<\/a> and other text formatting. Disable for custom HTML, <code>&lt;script&gt;<\/code>, <code>&lt;style&gt;<\/code> tags."},{"type":"custom_css_id","custom_css":"add_css_text"}],"post":[{"id":"mod_title_post","type":"title"},{"type":"query_posts","id":"post_type_post","tax_id":"type_query_post","term_id":"#tmp_id#_post","slug_id":"query_slug_post","sticky_id":"sticky_post","query_filter":true},{"id":"layout_post","type":"layout","label":"Post Layout","mode":"sprite","control":{"classSelector":".builder-posts-wrap"},"options":[{"img":"list_post","value":"list-post","label":"List Post"},{"img":"grid2","value":"grid2","label":"Grid 2"},{"img":"grid3","value":"grid3","label":"Grid 3"},{"img":"grid4","value":"grid4","label":"Grid 4"},{"img":"grid5","value":"grid5","label":"Grid 5"},{"img":"grid6","value":"grid6","label":"Grid 6"},{"img":"list_thumb_image","value":"list-thumb-image","label":"List Thumb Image"},{"img":"grid2_thumb","value":"grid2-thumb","label":"Grid 2 Thumb"},{"value":"list-large-image","img":"https:\/\/themify.org\/dev\/wp-content\/themes\/themify-ultra\/images\/layout-icons\/list-large-image.png","label":"List Large Image"},{"value":"auto_tiles","img":"https:\/\/themify.org\/dev\/wp-content\/themes\/themify-ultra\/images\/layout-icons\/auto-tiles.png","label":"Tiles"}],"binding":{"not_empty":{"show":["post_content_layout","disable_masonry","post_gutter","portfolio_gutter","post_filter"]},"list-post":{"hide":["disable_masonry","post_gutter","portfolio_gutter"],"show":["post_content_layout"]},"auto_tiles":{"hide":["disable_masonry","post_gutter","portfolio_gutter","ajax_filter"],"show":["post_content_layout"]},"list-large-image":{"hide":["post_content_layout","disable_masonry","post_gutter"],"show":"post_filter"},"list-thumb-image":{"hide":["post_content_layout","disable_masonry","post_gutter"]},"grid2-thumb":{"hide":["post_content_layout"],"show":["post_gutter","disable_masonry","post_filter"]}}},{"id":"post_content_layout","type":"select","label":"Content Layout","options":{"default":"Default","no":"Stacking","overlay":"Overlay","polaroid":"Polaroid","boxed":"Boxed","flip":"Flip"}},{"id":"disable_masonry","type":"select","label":"Masonry Layout","options":{"default":"Default","yes":"Yes","no":"No"},"wrap_class":"tb_group_element_grid6 tb_group_element_grid5 tb_group_element_grid4 tb_group_element_grid3 tb_group_element_grid2 tb_group_element_list-large-image"},{"id":"post_gutter","type":"select","label":"Post Gutter","options":{"default":"Default","gutter":"Normal","no-gutter":"No gutter"}},{"id":"post_per_page_post","type":"number","label":"Number of Posts","help":"Enter the number of posts to display."},{"id":"offset_post","type":"number","label":"ofs","help":"Enter number of posts to pass over (skip)."},{"id":"order_post","type":"select","label":"Order","help":"Sort posts in ascending or descending order.","order":true},{"id":"orderby_post","type":"orderby_post","label":"Order By","orderBy":true,"binding":{"select":{"hide":"meta_order"},"meta_value":{"show":"meta_order"}}},{"id":"meta_order","type":"multi","label":"","options":[{"id":"meta_key_post","type":"text","label":"Custom Field Key","wrap_class":"tb_disable_dc"},{"id":"meta_key_type","type":"select","label":"Type","options":{"CHAR":"Character","NUMERIC":"Numeric","DATETIME":"Datetime","DATE":"Date","TIME":"Time"}}]},{"id":"display_post","type":"select","label":"disp","options":{"content":"content","excerpt":"excerpt","none":"none"},"binding":{"excerpt":{"show":"excerpt_length_post"},"content":{"hide":"excerpt_length_post"},"none":{"hide":"excerpt_length_post"}}},{"id":"excerpt_length_post","type":"number","label":"Excerpt Length","help":"Enter excerpt length word count (optional)"},{"id":"hide_feat_img_post","type":"toggle_switch","label":"fimg","binding":{"checked":{"show":["image_size_post","img_width_post","auto_fullwidth_post","img_height_post","unlink_feat_img_post"]},"not_checked":{"hide":["image_size_post","img_width_post","auto_fullwidth_post","img_height_post","unlink_feat_img_post"]}}},{"id":"image_size_post","type":"select","label":"Image Size","hide":true,"image_size":true},{"id":"img_width_post","type":"number","label":"Image Width"},{"id":"auto_fullwidth_post","type":"checkbox","label":"","options":[{"name":"1","value":"Auto fullwidth image"}],"wrap_class":"auto_fullwidth"},{"id":"img_height_post","type":"number","label":"Image Height"},{"id":"unlink_feat_img_post","type":"toggle_switch","label":"unlfimg","options":"simple"},{"id":"hide_post_title_post","type":"toggle_switch","label":"Post Title","binding":{"checked":{"show":["unlink_post_title_post","title_tag_post"]},"not_checked":{"hide":["unlink_post_title_post","title_tag_post"]}}},{"id":"title_tag_post","type":"select","label":"tht","h_tags":true,"default":"h2"},{"id":"unlink_post_title_post","type":"toggle_switch","label":"Unlink Post Title","options":"simple"},{"id":"hide_post_date_post","type":"toggle_switch","label":"Post Date"},{"id":"hide_post_meta_post","type":"toggle_switch","label":"Post Meta","binding":{"checked":{"show":["hide_author_post","hide_category_post","hide_comment_post"]},"not_checked":{"hide":["hide_author_post","hide_category_post","hide_comment_post"]}}},{"id":"hide_author_post","type":"checkbox","label":"","options":[{"name":"yes","value":"Hide Author"}]},{"id":"hide_category_post","type":"checkbox","label":"","options":[{"name":"yes","value":"Hide Category"}]},{"id":"hide_comment_post","type":"checkbox","label":"","options":[{"name":"yes","value":"Hide Comment"}]},{"id":"hide_page_nav_post","type":"toggle_switch","label":"Pagination","binding":{"checked":{"show":"nav_type"},"not_checked":{"hide":"nav_type"}}},{"id":"nav_type","type":"select","label":"Pagination Type","options":{"standard":"Standard","ajax":"Load More"}},{"id":"hide_empty","type":"toggle_switch","label":"Hide Empty Module","help":"Hide the module when there is no posts.","options":"simple","binding":{"checked":{"hide":"no_posts_group"},"not_checked":{"show":"no_posts_group"}}},{"id":"no_posts_group","options":[{"id":"no_posts","type":"toggle_switch","label":"No Posts Message","options":{"off":{"name":"","value":"dis"},"on":{"name":"1","value":"en"}},"binding":{"checked":{"show":"no_posts_msg"},"not_checked":{"hide":"no_posts_msg"}}},{"id":"no_posts_msg","type":"textarea","label":" "}],"type":"group"},{"type":"hook_content","options":{"themify_post_start_module":"post_start","themify_before_post_image_module":"before_post_image","themify_after_post_image_module":"after_post_image","themify_before_post_title_module":"before_post_title","themify_after_post_title_module":"after_post_title","themify_before_post_content_module":"before_post_content","themify_after_post_content_module":"after_post_content","themify_post_end_module":"post_end"}},{"type":"custom_css_id","custom_css":"css_post"}],"service-menu":[{"id":"style_service_menu","type":"layout","label":"Menu Style","mode":"sprite","options":[{"img":"image_top","value":"image-top","label":"Image Top"},{"img":"image_left","value":"image-left","label":"Image Left"},{"img":"image_center","value":"image-center","label":"Image Center"},{"img":"image_right","value":"image-right","label":"Image Right"},{"img":"image_overlay","value":"image-overlay","label":"Image Overlay"},{"img":"image_horizontal","value":"image-horizontal","label":"Horizontal Image"}]},{"id":"title_service_menu","type":"text","label":"Menu Title","class":"large","control":{"selector":".tb-menu-title"}},{"id":"title_tag","type":"select","label":"tht","h_tags":true,"default":"h4"},{"id":"description_service_menu","type":"textarea","label":"desc","control":{"selector":".tb-menu-description"}},{"id":"price_service_menu","type":"text","label":"price","class":"small","control":{"selector":".tb-menu-price"}},{"id":"add_price_check","type":"checkbox","label":"","options":[{"name":"yes","value":"Enable price options"}],"binding":{"checked":{"show":"#price_fields_holder","hide":"price_service_menu"},"not_checked":{"hide":"#price_fields_holder","show":"price_service_menu"}}},{"id":"price_fields_holder","type":"builder","label":"price","options":[{"id":"label","type":"text","label":"label","control":{"selector":".tb-price-title"}},{"id":"price","type":"text","label":"price","control":{"selector":".tb-price-value"}}]},{"id":"image_service_menu","type":"image","label":"imgurl"},{"id":"appearance_image_service_menu","type":"checkbox","label":"Image Appearance","img_appearance":true},{"id":"image_size_service_menu","type":"select","label":"imgs","hide":true,"image_size":true},{"id":"width_service_menu","type":"number","label":"w","after":"px"},{"id":"height_service_menu","type":"number","label":"ht","after":"px"},{"id":"link_service_menu","type":"url","label":"imgl","binding":{"empty":{"hide":["link_options","image_zoom_icon","lightbox_size"]},"not_empty":{"show":["link_options","image_zoom_icon","lightbox_size"]}}},{"id":"link_options","type":"radio","label":"o_l","options":[{"value":"regular","name":"swin"},{"value":"lightbox","name":"lg"},{"value":"newtab","name":"ntab"}],"option_js":true},{"id":"image_zoom_icon","type":"checkbox","label":"","options":[{"name":"zoom","value":"Show zoom icon"}],"wrap_class":"tb_group_element_lightbox tb_group_element_newtab"},{"type":"multi","label":"Lightbox Dimension","options":[{"id":"lightbox_width","type":"number","label":"w","control":false},{"id":"lightbox_size_unit_width","type":"select","label":"Units","options":{"pixels":"px","percents":"%"},"control":false},{"id":"lightbox_height","type":"number","label":"ht","control":false},{"id":"lightbox_size_unit_height","type":"select","label":"Units","options":{"pixels":"px","percents":"%"},"control":false}],"wrap_class":"tb_group_element_lightbox"},{"id":"highlight_service_menu","type":"checkbox","label":"Highlight","options":[{"name":"highlight","value":"Highlight this item"}],"binding":{"checked":{"show":["highlight_text_service_menu","highlight_color_service_menu"]},"not_checked":{"hide":["highlight_text_service_menu","highlight_color_service_menu"]}}},{"id":"highlight_text_service_menu","type":"text","label":"","after":"Highlight Text","class":"large","control":{"selector":".tb-highlight-text"}},{"id":"highlight_color_service_menu","type":"layout","label":"","mode":"sprite","class":"tb_colors","color":true,"transparent":true},{"type":"custom_css_id","custom_css":"css_service_menu"}],"signup-form":[{"id":"mod_title","type":"title"},{"id":"e_user","type":"checkbox","label":"","options":[{"name":"1","value":"Send account info to user"}]},{"id":"e_admin","type":"checkbox","label":"","options":[{"name":"1","value":"Send notification to admin"}]},{"type":"separator","label":""},{"id":"success_action","type":"select","label":"After Sign Up","options":{"c":"Redirect to URL","m":"Show message"},"binding":{"c":{"show":"redirect_to","hide":"msg_success"},"m":{"hide":"redirect_to","show":"msg_success"}}},{"id":"redirect_to","type":"url","label":"Redirect URL","help":"Redirect to this URL after successful sign up"},{"id":"msg_success","type":"textarea","label":"Success Message","help":"Message to show after successful sign up."},{"id":"optin","type":"toggle_switch","label":"Newsletter Optin","options":{"on":{"name":"yes","value":"en"},"off":{"name":"no","value":"dis"}},"binding":{"yes":{"show":["optin_label","provider"]},"no":{"hide":["optin_label","provider"]}}},{"id":"optin_label","type":"text","label":"Subscribe Label"},{"id":"provider","label":"Provider","type":"optin_provider"},{"id":"gdpr","label":"GDPR","type":"toggle_switch","options":{"on":{"name":"on","value":"en"},"off":{"name":"","value":"dis"}},"binding":{"checked":{"show":"gdpr_label"},"not_checked":{"hide":"gdpr_label"}}},{"id":"gdpr_label","type":"textarea","label":"GDPR Message"},{"type":"group","label":"labels","display":"accordion","options":[{"type":"multi","label":"","options":[{"id":"i_name","type":"icon"},{"id":"l_name","type":"text","label":"Name"}]},{"type":"multi","label":"","options":[{"id":"i_firstname","type":"icon"},{"id":"l_firstname","type":"text","label":"First Name"}]},{"type":"multi","label":"","options":[{"id":"i_lastname","type":"icon"},{"id":"l_lastname","type":"text","label":"Last Name"}]},{"type":"multi","label":"","options":[{"id":"i_username","type":"icon"},{"id":"l_username","type":"text","label":"Username"}]},{"type":"multi","label":"","options":[{"id":"i_email","type":"icon"},{"id":"l_email","type":"text","label":"Email"}]},{"type":"multi","label":"","options":[{"id":"i_password","type":"icon"},{"id":"l_password","type":"text","label":"Password"}]},{"type":"multi","label":"","options":[{"id":"i_bio","type":"icon"},{"id":"l_bio","type":"textarea","label":"Bio"}]},{"type":"multi","label":"","options":[{"id":"i_submit","type":"icon"},{"id":"l_submit","type":"text","label":"Submit"}]},{"type":"multi","label":"","options":[{"id":"i_desc","type":"icon"},{"id":"desc","type":"textarea","label":"desc"}]}]},{"type":"custom_css_id","custom_css":"css"}],"slider":[{"id":"mod_title_slider","type":"title"},{"id":"layout_display_slider","type":"radio","label":"disp","options":[{"value":"blog","name":"Posts"},{"value":"image","name":"Images"},{"value":"video","name":"Videos"},{"value":"text","name":"Text"}],"option_js":true,"wrap_class":"tb_compact_radios"},{"type":"query_posts","id":"post_type","tax_id":"taxonomy","term_id":"blog_category_slider","description":"Add more <a href=\"https:\/\/themify.org\/dev\/wp-admin\/post-new.php\" target=\"_blank\">blog posts<\/a>","wrap_class":"tb_group_element_blog","query_filter":true},{"id":"posts_per_page_slider","type":"number","label":"Number of Posts","help":"Number of posts to query","wrap_class":"tb_group_element_blog tb_group_element_portfolio tb_group_element_slider tb_group_element_testimonial"},{"id":"offset_slider","type":"number","label":"ofs","help":"number of post to displace or pass over","wrap_class":"tb_group_element_blog tb_group_element_portfolio tb_group_element_slider tb_group_element_testimonial"},{"id":"order_slider","type":"select","label":"Order","help":"Sort posts in ascending or descending order.","order":true,"wrap_class":"tb_group_element_blog tb_group_element_slider tb_group_element_portfolio tb_group_element_testimonial"},{"id":"orderby_slider","type":"select","label":"Order By","orderBy":true,"binding":{"select":{"hide":"meta_key_slider"},"meta_value":{"show":"meta_key_slider"},"meta_value_num":{"show":"meta_key_slider"}},"wrap_class":"tb_group_element_blog tb_group_element_slider tb_group_element_portfolio tb_group_element_testimonial"},{"id":"meta_key_slider","type":"text","label":"Custom Field Key"},{"id":"display_slider","type":"select","label":"disp","options":{"content":"content","excerpt":"excerpt","none":"none"},"binding":{"excerpt":{"show":"excerpt_length"},"content":{"hide":"excerpt_length"},"none":{"hide":"excerpt_length"}},"wrap_class":"tb_group_element_blog tb_group_element_slider tb_group_element_portfolio tb_group_element_testimonial"},{"id":"excerpt_length","type":"number","label":"Excerpt Length","help":"Enter excerpt length word count (optional)"},{"id":"hide_post_title_slider","type":"toggle_switch","label":"Post Title","wrap_class":"tb_group_element_blog tb_group_element_slider tb_group_element_portfolio tb_group_element_testimonial"},{"id":"unlink_post_title_slider","type":"toggle_switch","label":"Unlink Post Title","options":"simple","wrap_class":"tb_group_element_blog tb_group_element_slider tb_group_element_portfolio"},{"id":"hide_feat_img_slider","type":"toggle_switch","label":"fimg","wrap_class":"tb_group_element_blog tb_group_element_slider tb_group_element_portfolio tb_group_element_testimonial"},{"id":"unlink_feat_img_slider","type":"toggle_switch","label":"unlfimg","options":"simple","wrap_class":"tb_group_element_blog tb_group_element_slider tb_group_element_portfolio"},{"id":"open_link_new_tab_slider","type":"toggle_switch","label":"Open Link In New Tab","options":"simple","wrap_class":"tb_group_element_blog tb_group_element_slider tb_group_element_portfolio tb_group_element_testimonial"},{"id":"hide_post_date","type":"toggle_switch","label":"Post Date","wrap_class":"tb_group_element_blog tb_group_element_slider tb_group_element_portfolio tb_group_element_testimonial"},{"id":"img_content_slider","type":"builder","options":[{"id":"img_url_slider","type":"image","label":"imgurl"},{"id":"img_title_slider","type":"text","label":"imgt"},{"id":"img_title_tag","type":"select","label":"tht","h_tags":true,"default":"h3"},{"id":"img_link_slider","type":"url","label":"imgl"},{"id":"img_link_params","type":"select","label":"","options":{"":"","lightbox":"Open link in lightbox","newtab":"Open link in new tab"}},{"id":"img_caption_slider","type":"textarea","label":"imgc"}],"wrap_class":"tb_group_element_image"},{"id":"video_content_slider","type":"builder","options":[{"id":"video_url_slider","type":"url","label":"Video URL","help":"Insert YouTube or Vimeo video URL."},{"id":"video_title_slider","type":"text","label":"Video Title"},{"id":"video_title_tag","type":"select","label":"tht","h_tags":true,"default":"h3"},{"id":"video_title_link_slider","type":"url","label":"Video Title Link"},{"id":"video_caption_slider","type":"textarea","label":"Video Caption"},{"id":"video_width_slider","type":"number","label":"Video Width"}],"wrap_class":"tb_group_element_video"},{"id":"text_content_slider","type":"builder","options":[{"id":"text_caption_slider","type":"wp_editor","class":"builder-field","rows":6}],"wrap_class":"tb_group_element_text"},{"id":"layout_slider","type":"layout","label":"Slider Layout","separated":"top","mode":"sprite","options":[{"img":"slider_default","value":"slider-default","label":"Slider Default"},{"img":"slider_image_top","value":"slider-overlay","label":"Slider Overlay"},{"img":"slider_caption_overlay","value":"slider-caption-overlay","label":"Slider Caption Overlay"},{"img":"slider_agency","value":"slider-agency","label":"Agency"}],"control":{"classSelector":".module-slider"}},{"id":"image_size_slider","type":"select","label":"imgs","hide":true,"image_size":true,"wrap_class":"tb_group_element_blog tb_group_element_slider tb_group_element_portfolio tb_group_element_image"},{"id":"img_w_slider","type":"number","label":"imgw","after":"px","wrap_class":"tb_group_element_blog tb_group_element_slider tb_group_element_portfolio tb_group_element_image"},{"id":"img_fullwidth_slider","type":"checkbox","label":"","options":[{"name":"fullwidth","value":"Auto fullwidth image"}],"wrap_class":"auto_fullwidth"},{"id":"img_h_slider","type":"number","label":"imgh","after":"px","wrap_class":"tb_group_element_blog tb_group_element_slider tb_group_element_portfolio tb_group_element_image"},{"id":"slider_opt","type":"slider","slider_options":true},{"type":"hook_content","options":{"themify_before_post_image_module":"before_post_image","themify_after_post_image_module":"after_post_image","themify_before_post_title_module":"before_post_title","themify_after_post_title_module":"after_post_title","themify_before_post_content_module":"before_post_content","themify_after_post_content_module":"after_post_content"},"wrap_class":"tb_group_element_blog tb_group_element_testimonial"},{"type":"custom_css_id","custom_css":"css_slider"}],"social-share":[{"id":"mod_title","type":"title"},{"id":"networks","type":"checkbox","label":"Networks","options":[{"name":"fb","value":"Facebook"},{"name":"tw","value":"Twitter"},{"name":"lk","value":"LinkedIn"},{"name":"pi","value":"Pinterest"},{"name":"em","value":"Email"}]},{"id":"size","label":"Size","type":"layout","mode":"sprite","options":[{"img":"normall_button","value":"normal","label":"n"},{"img":"small_button","value":"small","label":"sml"},{"img":"large_button","value":"large","label":"lrg"},{"img":"xlarge_button","value":"xlarge","label":"xlrg"}]},{"id":"shape","label":"Icon Shape","type":"layout","mode":"sprite","options":[{"img":"circle_button","value":"circle","label":"circle"},{"img":"rounded_button","value":"rounded","label":"rounded"},{"img":"squared_button","value":"squared","label":"squared"},{"img":"none","value":"none","label":"none"}]},{"id":"arrangement","label":"Arrangement","type":"layout","mode":"sprite","options":[{"img":"horizontal_button","value":"h","label":"hrztal"},{"img":"vertical_button","value":"v","label":"vertical"}]},{"id":"title","type":"toggle_switch","label":"title"},{"type":"custom_css_id","custom_css":"css"}],"star":[{"id":"m_t","type":"title"},{"id":"rates","type":"builder","options":[{"type":"text","label":"Text Before","id":"text_b","control":{"selector":".tb_star_text_b"}},{"type":"text","label":"Text After","id":"text_a","control":{"selector":".tb_star_text_a"}},{"type":"icon","label":"icon","id":"ic"},{"id":"count","type":"range","label":"Stars Count","min":1,"max":20},{"id":"rating","type":"slider_range","label":"Rating","options":{"max":20,"step":0.1,"unit":"","inputRange":true,"range":false}}]},{"type":"custom_css_id","custom_css":"css"}],"tab":[{"id":"mod_title_tab","type":"title"},{"id":"tab_content_tab","type":"builder","options":[{"id":"title_tab","type":"text","label":"Tab Title","control":{"selector":".tab-nav span"}},{"id":"icon_tab","type":"icon","label":"icon"},{"id":"text_tab","type":"wp_editor","control":{"selector":".tb_text_wrap"}}]},{"type":"group","label":"Tab Layout","display":"accordion","options":[{"id":"layout_tab","type":"layout","label":"Tab Layout","mode":"sprite","options":[{"img":"tab_frame","value":"tab-frame","label":"Tab Frame"},{"img":"tab_window","value":"panel","label":"Tab Window"},{"img":"tab_vertical","value":"vertical","label":"Tab Vertical"},{"img":"tab_minimal","value":"minimal","label":"Tab Minimal"}]},{"id":"style_tab","type":"select","label":"Tab Icon","options":{"default":"Icon beside the title","icon-top":"Icon above the title","icon-only":"Just icons"}},{"id":"allow_tab_breakpoint","label":"Mobile Tab","type":"toggle_switch","options":{"on":{"name":"allow_tab","value":"en"},"off":{"name":"","value":"dis"}},"binding":{"checked":{"show":"tab_breakpoint"},"not_checked":{"hide":"tab_breakpoint"}}},{"id":"tab_breakpoint","label":"","type":"number","after":"Breakpoint (px)","wrap_class":"tb_checkbox_element_allow_tab"},{"id":"color_tab","type":"layout","mode":"sprite","label":"Tab Color","class":"tb_colors","color":true,"transparent":true},{"id":"tab_appearance_tab","type":"checkbox","label":"Tab Appearance","appearance":true},{"id":"hashtag","type":"toggle_switch","label":"URL Hashtag","options":"simple"}]},{"type":"group","label":"Autoplay","display":"accordion","options":[{"id":"autoplay","label":"Auto Switch Tab","type":"toggle_switch","options":{"on":{"name":"y","value":"en"},"off":{"name":"","value":"dis"}},"binding":{"checked":{"show":["autoplay_timer","autoplay_c"]},"not_checked":{"hide":["autoplay_timer","autoplay_c"]}}},{"id":"autoplay_timer","type":"number","label":"Timer","after":"Second(s)"},{"id":"autoplay_c","label":"Stop After Tab Click","type":"toggle_switch","options":{"on":{"name":"y","value":"en"},"off":{"name":"","value":"dis"}}}]},{"type":"custom_css_id","custom_css":"css_tab"}],"testimonial-slider":[{"id":"mod_title_testimonial","type":"title"},{"id":"tab_content_testimonial","type":"builder","options":[{"id":"title_testimonial","type":"text","label":"Testimonial Title","control":{"selector":".testimonial-title"}},{"id":"content_testimonial","type":"wp_editor","control":{"selector":".testimonial-entry-content"}},{"id":"person_picture_testimonial","type":"image","label":"Person Picture"},{"id":"person_name_testimonial","type":"text","label":"Person Name","control":{"selector":".person-name"}},{"id":"person_position_testimonial","type":"text","label":"Person Position","control":{"selector":".person-position"}},{"id":"company_testimonial","type":"text","label":"Company","control":{"selector":".person-company"}},{"id":"company_website_testimonial","type":"text","label":"Company Website"},{"type":"multi","label":"Rating Star","options":[{"type":"icon","label":"icon","id":"ic","binding":{"empty":{"hide":"tb_rate_wrap"},"not_empty":{"show":"tb_rate_wrap"}}},{"id":"count","type":"range","wrap_class":"tb_rate_wrap","label":"Stars Count","min":1,"max":20},{"id":"rating","type":"slider_range","wrap_class":"tb_rate_wrap","label":"Rating","options":{"max":20,"step":0.1,"unit":"","inputRange":true,"range":false}}]}]},{"id":"type_testimonial","type":"radio","label":"Type","options":[{"value":"slider","name":"Slider"},{"value":"grid","name":"Grid"}],"option_js":true},{"id":"grid_layout_testimonial","type":"layout","label":"Grid Layout","mode":"sprite","options":[{"img":"list_post","value":"list-post","label":"List Post"},{"img":"grid2","value":"grid2","label":"Grid 2"},{"img":"grid3","value":"grid3","label":"Grid 3"},{"img":"grid4","value":"grid4","label":"Grid 4"},{"img":"grid5","value":"grid5","label":"Grid 5"},{"img":"grid6","value":"grid6","label":"Grid 6"}],"binding":{"grid4":{"show":"masonry"},"grid3":{"show":"masonry"},"grid2":{"show":"masonry"},"list-post":{"hide":"masonry"}},"control":{"classSelector":".themify_builder_testimonial"},"wrap_class":"tb_group_element_grid"},{"id":"masonry","type":"toggle_switch","label":"Masonry view","options":{"on":{"name":"enable","value":"en"},"off":{"name":"disable","value":"dis"}},"wrap_class":"tb_group_element_grid"},{"id":"layout_testimonial","type":"layout","label":"Layout","mode":"sprite","options":[{"img":"testimonials_image_top","value":"image-top","label":"Image Top"},{"img":"testimonials_image_bottom","value":"image-bottom","label":"Image Bottom"},{"img":"testimonials_image_bubble","value":"image-bubble","label":"Image Bubble"}],"control":{"classSelector":".themify_builder_slider_wrap"}},{"id":"img_w_slider","type":"number","label":"imgw","after":"px"},{"id":"img_h_slider","type":"number","label":"imgh","after":"px"},{"id":"slider_option_testimonial","type":"slider","wrap_class":"tb_group_element_slider","slider_options":true},{"type":"custom_css_id","custom_css":"css_testimonial"}],"toc":[{"id":"m_t","type":"title"},{"type":"tabs","options":{"in":{"label":"Include","options":[{"id":"in_tags","label":"Anchors By Tags","type":"checkbox","options":[{"name":"h1","value":"H1"},{"name":"h2","value":"H2"},{"name":"h3","value":"H3"},{"name":"h4","value":"H4"},{"name":"h5","value":"H5"},{"name":"h6","value":"H6"}]},{"id":"in_cont","label":"conter","type":"select","options":{"b":"Current Builder","b_c":"Builder Parent Container","r":"In Nested Row","c":"In Nested Column","doc":"All Document","cust":"Custom"},"binding":{"select":{"hide":"tb_custom_toc"},"cust":{"show":"tb_custom_toc"}}},{"id":"in_custom","label":"Custom Container","wrap_class":"tb_custom_toc","type":"text","control":{"event":"change"},"help":"Enter ID (eg. \"#content\") or CSS class (eg. \".wrapper\") of the container"},{"id":"min","type":"range","min":1,"label":"Minimum Tags","help":"Only show when the minimum number of tags are present"},{"id":"maxt","type":"number","label":"Max Anchor Text Length"},{"id":"maxh","type":"number","min":5,"label":"Generated Hash Length","help":"Maximum characters of hashtag (anchor)"}]},"ex":{"label":"Exclude","options":[{"id":"ex_m_t","label":"Exclude Builder Modules Title","type":"toggle_switch","options":"simple"},{"id":"ex_tags","label":"Exclude Headings","type":"text","control":{"event":"change"},"help":"Enter CSS class (eg. \".exclude-heading\") of the heading tag (h1 - h6)\""}]}},"class":"tb_tabs_fullwidth"},{"type":"separator","label":"Advanced"},{"id":"mark","type":"select","label":"List Bullets","options":{"none":"None","b":"Bullets","c":"Circle","s":"Square","ur":"Upper Roman","lr":"Lower Roman","ic":"Icon"},"binding":{"select":{"hide":"tb_toc_ic"},"ic":{"show":"tb_toc_ic"}}},{"id":"ic","label":"icon","type":"icon","wrap_class":"tb_toc_ic"},{"id":"num","type":"toggle_switch","label":"Show Numbers","options":"simple"},{"id":"tree","type":"toggle_switch","label":"Hierarchical","options":"simple","binding":{"checked":{"show":"tb_toc_colapse"},"not_checked":{"hide":"tb_toc_colapse"}}},{"id":"minimize","type":"toggle_switch","label":"Minimize","options":"simple","binding":{"checked":{"show":"tb_toc_min_ic"},"not_checked":{"hide":"tb_toc_min_ic"}}},{"type":"group","wrap_class":"tb_toc_min_ic","options":[{"id":"mic","label":"icon","type":"icon"},{"id":"mmic","label":"Minimize Icon","type":"icon"},{"id":"bp","label":"Minimized On","type":"select","options":{"tl":"table_landscape","t":"Tablet","m":"Mobile","n":"none"}}]},{"type":"group","wrap_class":"tb_toc_colapse","options":[{"id":"colapse","type":"toggle_switch","label":"Collapse SubItems","options":"simple","binding":{"checked":{"show":"tb_toc_colapse_ic"},"not_checked":{"hide":"tb_toc_colapse_ic"}}},{"type":"group","wrap_class":"tb_toc_colapse_ic","options":[{"id":"cic","label":"Child Icon","type":"icon"},{"id":"cmic","label":"Child Minimize Icon","type":"icon"}]}]},{"type":"custom_css_id","custom_css":"css"}],"video":[{"id":"mod_title_video","type":"title"},{"id":"style_video","type":"layout","label":"Video Layout","mode":"sprite","options":[{"img":"video_top","value":"video-top","label":"Video Top"},{"img":"video_left","value":"video-left","label":"Video Left"},{"img":"video_right","value":"video-right","label":"Video Right"},{"img":"video_overlay","value":"video-overlay","label":"Video Overlay"}]},{"id":"url_video","type":"video","label":"Video URL","help":"YouTube, Vimeo, etc. video <a href=\"https:\/\/themify.me\/docs\/video-embeds\" target=\"_blank\">embed link<\/a>","binding":{"external":{"hide":"tb_group_element_local","show":"tb_group_element_external"},"local":{"hide":"tb_group_element_external","show":"tb_group_element_local"},"empty":{"hide":["tb_group_element_external","tb_group_element_local"]}}},{"id":"ext_start","type":"number","label":"Start Time","help":"Specify a start time (in seconds)"},{"id":"ext_end","type":"number","label":"End Time","help":"Specify an end time (in seconds)"},{"id":"ext_hide_ctrls","type":"toggle_switch","label":"Player Controls","binding":{"checked":{"show":"dl_btn"},"not_checked":{"hide":"dl_btn"}}},{"type":"group","wrap_class":"tb_group_element_external","options":[{"id":"ext_privacy","type":"toggle_switch","options":{"on":{"name":"1","value":"en"},"off":{"name":"","value":"dis"}},"label":"Privacy Mode"},{"id":"ext_branding","type":"toggle_switch","options":"simple","label":"Remove Brandings"}]},{"type":"group","wrap_class":"tb_group_element_local","options":[{"id":"dl_btn","type":"toggle_switch","options":{"on":{"name":"1","value":"en"},"off":{"name":"","value":"dis"}},"label":"Download Button"},{"id":"hover_play","type":"toggle_switch","label":"Play On Hover","options":"simple","binding":{"checked":{"hide":"tb_v_autoplay"},"not_checked":{"show":"tb_v_autoplay"}}}]},{"type":"group","wrap_class":"tb_v_autoplay","options":[{"id":"autoplay_video","type":"toggle_switch","label":"Autoplay","options":"simple","binding":{"checked":{"show":"autoplay_text"},"not_checked":{"hide":"autoplay_text"}}},{"id":"autoplay_text","type":"message","label":"","comment":"Note: most browsers require video to be muted for autoplay"}]},{"id":"mute_video","type":"toggle_switch","label":"Mute","options":"simple"},{"id":"loop","type":"toggle_switch","label":"loop","options":"simple"},{"id":"o_i_c","label":"Overlay Image","type":"toggle_switch","options":{"on":{"name":"1","value":"en"},"off":{"name":"","value":"dis"}},"binding":{"checked":{"show":["o_i","o_m"]},"not_checked":{"hide":["o_i","o_m"]}}},{"id":"o_i","type":"image","label":""},{"id":"o_m","type":"multi","label":"","options":[{"id":"o_w","label":"w","type":"number"},{"id":"o_h","label":"ht","type":"number"}]},{"id":"width_video","type":"number","label":"Video Width","help":"Enter fixed witdth (eg. 200px) or relative (eg. 100%). Video height is auto adjusted.","break":true,"unit":{"id":"unit_video","options":{"px":"px","%":"%"}}},{"id":"title_video","type":"text","label":"Video Title","control":{"selector":".video-title"}},{"id":"title_tag","type":"select","label":"Video Title Tag","h_tags":true,"default":"h3"},{"id":"title_link_video","type":"url","label":"Video Title Link"},{"id":"caption_video","type":"textarea","label":"Video Caption","control":{"selector":".video-caption"}},{"type":"custom_css_id","custom_css":"css_video"}],"widget":[{"id":"mod_title_widget","type":"title"},{"id":"class_widget","type":"widget_select","label":"Select Widget"},{"id":"instance_widget","type":"widget_form"},{"type":"custom_css_id","custom_css":"custom_css_widget"}],"widgetized":[{"id":"mod_title_widgetized","type":"title"},{"id":"sidebar_widgetized","type":"select","label":"Widgetized Area","sidebars":true},{"type":"custom_css_id","custom_css":"custom_css_widgetized"}]}